CD_ANNEE,CD_SEMESTRE,CD_TRIMESTRE,CD_QUADRIMESTRE,CD_MOIS,Somme de CD_ANNEE,CD_ANNEE_MOIS,CD_MOIS,CD_QUADRIMESTRE,CD_SEMESTRE,CD_TRIMESTRE,Année,Trimestre,Mois,Jour,Année,Mois,LB_MOIS_COURT,LB_MOIS_LONG,Somme de NO_ANNEE,Somme de NO_MOIS,Somme de NO_QUADRIMETSRE,Somme de NO_SEMESTRE,Somme de NO_TRIMESTRE
2026,S1,T1,Q1,01,2026,202601,01,Q1,S1,T1,,,,,2026,Jan,Jan,Janvier,2026,1,1,1,1
2026,S1,T1,Q1,02,2026,202602,02,Q1,S1,T1,,,,,2026,Fév,Fév,Février,2026,2,1,1,1
2026,S1,T1,Q1,03,2026,202603,03,Q1,S1,T1,,,,,2026,Mar,Mar,Mars,2026,3,1,1,1
2026,S1,T2,Q1,04,2026,202604,04,Q1,S1,T2,,,,,2026,Avr,Avr,Avril,2026,4,1,1,2
2026,S1,T2,Q2,05,2026,202605,05,Q2,S1,T2,,,,,2026,Mai,Mai,Mai,2026,5,2,1,2
2026,S1,T2,Q2,06,2026,202606,06,Q2,S1,T2,,,,,2026,Juin,Juin,Juin,2026,6,2,1,2
2026,S2,T3,Q2,07,2026,202607,07,Q2,S2,T3,,,,,2026,Juil,Juil,Juillet,2026,7,2,2,3
2026,S2,T3,Q2,08,2026,202608,08,Q2,S2,T3,,,,,2026,Août,Août,Août,2026,8,2,2,3
2026,S2,T3,Q3,09,2026,202609,09,Q3,S2,T3,,,,,2026,Sept,Sept,Septembre,2026,9,3,2,3
2026,S2,T4,Q3,10,2026,202610,10,Q3,S2,T4,,,,,2026,Oct,Oct,Octobre,2026,10,3,2,4
2026,S2,T4,Q3,11,2026,202611,11,Q3,S2,T4,,,,,2026,Nov,Nov,Novembre,2026,11,3,2,4
2026,S2,T4,Q3,12,2026,202612,12,Q3,S2,T4,,,,,2026,Déc,Déc,Décembre,2026,12,3,2,4
2025,S1,T1,Q1,01,2025,202501,01,Q1,S1,T1,,,,,2025,Jan,Jan,Janvier,2025,1,1,1,1
2025,S1,T1,Q1,02,2025,202502,02,Q1,S1,T1,,,,,2025,Fév,Fév,Février,2025,2,1,1,1
2025,S1,T1,Q1,03,2025,202503,03,Q1,S1,T1,,,,,2025,Mar,Mar,Mars,2025,3,1,1,1
2025,S1,T2,Q1,04,2025,202504,04,Q1,S1,T2,,,,,2025,Avr,Avr,Avril,2025,4,1,1,2
2025,S1,T2,Q2,05,2025,202505,05,Q2,S1,T2,,,,,2025,Mai,Mai,Mai,2025,5,2,1,2
2025,S1,T2,Q2,06,2025,202506,06,Q2,S1,T2,,,,,2025,Juin,Juin,Juin,2025,6,2,1,2
2025,S2,T3,Q2,07,2025,202507,07,Q2,S2,T3,,,,,2025,Juil,Juil,Juillet,2025,7,2,2,3
2025,S2,T3,Q2,08,2025,202508,08,Q2,S2,T3,,,,,2025,Août,Août,Août,2025,8,2,2,3
2025,S2,T3,Q3,09,2025,202509,09,Q3,S2,T3,,,,,2025,Sept,Sept,Septembre,2025,9,3,2,3
2025,S2,T4,Q3,10,2025,202510,10,Q3,S2,T4,,,,,2025,Oct,Oct,Octobre,2025,10,3,2,4
2025,S2,T4,Q3,11,2025,202511,11,Q3,S2,T4,,,,,2025,Nov,Nov,Novembre,2025,11,3,2,4
2025,S2,T4,Q3,12,2025,202512,12,Q3,S2,T4,,,,,2025,Déc,Déc,Décembre,2025,12,3,2,4
2024,S1,T1,Q1,01,2024,202401,01,Q1,S1,T1,,,,,2024,Jan,Jan,Janvier,2024,1,1,1,1
2024,S1,T1,Q1,02,2024,202402,02,Q1,S1,T1,,,,,2024,Fév,Fév,Février,2024,2,1,1,1
2024,S1,T1,Q1,03,2024,202403,03,Q1,S1,T1,,,,,2024,Mar,Mar,Mars,2024,3,1,1,1
2024,S1,T2,Q1,04,2024,202404,04,Q1,S1,T2,,,,,2024,Avr,Avr,Avril,2024,4,1,1,2
2024,S1,T2,Q2,05,2024,202405,05,Q2,S1,T2,,,,,2024,Mai,Mai,Mai,2024,5,2,1,2
2024,S1,T2,Q2,06,2024,202406,06,Q2,S1,T2,,,,,2024,Juin,Juin,Juin,2024,6,2,1,2
2024,S2,T3,Q2,07,2024,202407,07,Q2,S2,T3,,,,,2024,Juil,Juil,Juillet,2024,7,2,2,3
2024,S2,T3,Q2,08,2024,202408,08,Q2,S2,T3,,,,,2024,Août,Août,Août,2024,8,2,2,3
2024,S2,T3,Q3,09,2024,202409,09,Q3,S2,T3,,,,,2024,Sept,Sept,Septembre,2024,9,3,2,3
2024,S2,T4,Q3,10,2024,202410,10,Q3,S2,T4,,,,,2024,Oct,Oct,Octobre,2024,10,3,2,4
2024,S2,T4,Q3,11,2024,202411,11,Q3,S2,T4,,,,,2024,Nov,Nov,Novembre,2024,11,3,2,4
2024,S2,T4,Q3,12,2024,202412,12,Q3,S2,T4,,,,,2024,Déc,Déc,Décembre,2024,12,3,2,4
2023,S1,T1,Q1,01,2023,202301,01,Q1,S1,T1,,,,,2023,Jan,Jan,Janvier,2023,1,1,1,1
2023,S1,T1,Q1,02,2023,202302,02,Q1,S1,T1,,,,,2023,Fév,Fév,Février,2023,2,1,1,1
2023,S1,T1,Q1,03,2023,202303,03,Q1,S1,T1,,,,,2023,Mar,Mar,Mars,2023,3,1,1,1
2023,S1,T2,Q1,04,2023,202304,04,Q1,S1,T2,,,,,2023,Avr,Avr,Avril,2023,4,1,1,2
2023,S1,T2,Q2,05,2023,202305,05,Q2,S1,T2,,,,,2023,Mai,Mai,Mai,2023,5,2,1,2
2023,S1,T2,Q2,06,2023,202306,06,Q2,S1,T2,,,,,2023,Juin,Juin,Juin,2023,6,2,1,2
2023,S2,T3,Q2,07,2023,202307,07,Q2,S2,T3,,,,,2023,Juil,Juil,Juillet,2023,7,2,2,3
2023,S2,T3,Q2,08,2023,202308,08,Q2,S2,T3,,,,,2023,Août,Août,Août,2023,8,2,2,3
2023,S2,T3,Q3,09,2023,202309,09,Q3,S2,T3,,,,,2023,Sept,Sept,Septembre,2023,9,3,2,3
2023,S2,T4,Q3,10,2023,202310,10,Q3,S2,T4,,,,,2023,Oct,Oct,Octobre,2023,10,3,2,4
2023,S2,T4,Q3,11,2023,202311,11,Q3,S2,T4,,,,,2023,Nov,Nov,Novembre,2023,11,3,2,4
2023,S2,T4,Q3,12,2023,202312,12,Q3,S2,T4,,,,,2023,Déc,Déc,Décembre,2023,12,3,2,4
2022,S1,T1,Q1,01,2022,202201,01,Q1,S1,T1,,,,,2022,Jan,Jan,Janvier,2022,1,1,1,1
2022,S1,T1,Q1,02,2022,202202,02,Q1,S1,T1,,,,,2022,Fév,Fév,Février,2022,2,1,1,1
2022,S1,T1,Q1,03,2022,202203,03,Q1,S1,T1,,,,,2022,Mar,Mar,Mars,2022,3,1,1,1
2022,S1,T2,Q1,04,2022,202204,04,Q1,S1,T2,,,,,2022,Avr,Avr,Avril,2022,4,1,1,2
2022,S1,T2,Q2,05,2022,202205,05,Q2,S1,T2,,,,,2022,Mai,Mai,Mai,2022,5,2,1,2
2022,S1,T2,Q2,06,2022,202206,06,Q2,S1,T2,,,,,2022,Juin,Juin,Juin,2022,6,2,1,2
2022,S2,T3,Q2,07,2022,202207,07,Q2,S2,T3,,,,,2022,Juil,Juil,Juillet,2022,7,2,2,3
2022,S2,T3,Q2,08,2022,202208,08,Q2,S2,T3,,,,,2022,Août,Août,Août,2022,8,2,2,3
2022,S2,T3,Q3,09,2022,202209,09,Q3,S2,T3,,,,,2022,Sept,Sept,Septembre,2022,9,3,2,3
2022,S2,T4,Q3,10,2022,202210,10,Q3,S2,T4,,,,,2022,Oct,Oct,Octobre,2022,10,3,2,4
2022,S2,T4,Q3,11,2022,202211,11,Q3,S2,T4,,,,,2022,Nov,Nov,Novembre,2022,11,3,2,4
2022,S2,T4,Q3,12,2022,202212,12,Q3,S2,T4,,,,,2022,Déc,Déc,Décembre,2022,12,3,2,4
2021,S1,T1,Q1,01,2021,202101,01,Q1,S1,T1,,,,,2021,Jan,Jan,Janvier,2021,1,1,1,1
2021,S1,T1,Q1,02,2021,202102,02,Q1,S1,T1,,,,,2021,Fév,Fév,Février,2021,2,1,1,1
2021,S1,T1,Q1,03,2021,202103,03,Q1,S1,T1,,,,,2021,Mar,Mar,Mars,2021,3,1,1,1
2021,S1,T2,Q1,04,2021,202104,04,Q1,S1,T2,,,,,2021,Avr,Avr,Avril,2021,4,1,1,2
2021,S1,T2,Q2,05,2021,202105,05,Q2,S1,T2,,,,,2021,Mai,Mai,Mai,2021,5,2,1,2
2021,S1,T2,Q2,06,2021,202106,06,Q2,S1,T2,,,,,2021,Juin,Juin,Juin,2021,6,2,1,2
2021,S2,T3,Q2,07,2021,202107,07,Q2,S2,T3,,,,,2021,Juil,Juil,Juillet,2021,7,2,2,3
2021,S2,T3,Q2,08,2021,202108,08,Q2,S2,T3,,,,,2021,Août,Août,Août,2021,8,2,2,3
2021,S2,T3,Q3,09,2021,202109,09,Q3,S2,T3,,,,,2021,Sept,Sept,Septembre,2021,9,3,2,3
2021,S2,T4,Q3,10,2021,202110,10,Q3,S2,T4,,,,,2021,Oct,Oct,Octobre,2021,10,3,2,4
2021,S2,T4,Q3,11,2021,202111,11,Q3,S2,T4,,,,,2021,Nov,Nov,Novembre,2021,11,3,2,4
2021,S2,T4,Q3,12,2021,202112,12,Q3,S2,T4,,,,,2021,Déc,Déc,Décembre,2021,12,3,2,4
2020,S1,T1,Q1,01,2020,202001,01,Q1,S1,T1,,,,,2020,Jan,Jan,Janvier,2020,1,1,1,1
2020,S1,T1,Q1,02,2020,202002,02,Q1,S1,T1,,,,,2020,Fév,Fév,Février,2020,2,1,1,1
2020,S1,T1,Q1,03,2020,202003,03,Q1,S1,T1,,,,,2020,Mar,Mar,Mars,2020,3,1,1,1
2020,S1,T2,Q1,04,2020,202004,04,Q1,S1,T2,,,,,2020,Avr,Avr,Avril,2020,4,1,1,2
2020,S1,T2,Q2,05,2020,202005,05,Q2,S1,T2,,,,,2020,Mai,Mai,Mai,2020,5,2,1,2
2020,S1,T2,Q2,06,2020,202006,06,Q2,S1,T2,,,,,2020,Juin,Juin,Juin,2020,6,2,1,2
2020,S2,T3,Q2,07,2020,202007,07,Q2,S2,T3,,,,,2020,Juil,Juil,Juillet,2020,7,2,2,3
2020,S2,T3,Q2,08,2020,202008,08,Q2,S2,T3,,,,,2020,Août,Août,Août,2020,8,2,2,3
2020,S2,T3,Q3,09,2020,202009,09,Q3,S2,T3,,,,,2020,Sept,Sept,Septembre,2020,9,3,2,3
2020,S2,T4,Q3,10,2020,202010,10,Q3,S2,T4,,,,,2020,Oct,Oct,Octobre,2020,10,3,2,4
2020,S2,T4,Q3,11,2020,202011,11,Q3,S2,T4,,,,,2020,Nov,Nov,Novembre,2020,11,3,2,4
2020,S2,T4,Q3,12,2020,202012,12,Q3,S2,T4,,,,,2020,Déc,Déc,Décembre,2020,12,3,2,4
2019,S1,T1,Q1,01,2019,201901,01,Q1,S1,T1,,,,,2019,Jan,Jan,Janvier,2019,1,1,1,1
2019,S1,T1,Q1,02,2019,201902,02,Q1,S1,T1,,,,,2019,Fév,Fév,Février,2019,2,1,1,1
2019,S1,T1,Q1,03,2019,201903,03,Q1,S1,T1,,,,,2019,Mar,Mar,Mars,2019,3,1,1,1
2019,S1,T2,Q1,04,2019,201904,04,Q1,S1,T2,,,,,2019,Avr,Avr,Avril,2019,4,1,1,2
2019,S1,T2,Q2,05,2019,201905,05,Q2,S1,T2,,,,,2019,Mai,Mai,Mai,2019,5,2,1,2
2019,S1,T2,Q2,06,2019,201906,06,Q2,S1,T2,,,,,2019,Juin,Juin,Juin,2019,6,2,1,2
2019,S2,T3,Q2,07,2019,201907,07,Q2,S2,T3,,,,,2019,Juil,Juil,Juillet,2019,7,2,2,3
2019,S2,T3,Q2,08,2019,201908,08,Q2,S2,T3,,,,,2019,Août,Août,Août,2019,8,2,2,3
2019,S2,T3,Q3,09,2019,201909,09,Q3,S2,T3,,,,,2019,Sept,Sept,Septembre,2019,9,3,2,3
2019,S2,T4,Q3,10,2019,201910,10,Q3,S2,T4,,,,,2019,Oct,Oct,Octobre,2019,10,3,2,4
2019,S2,T4,Q3,11,2019,201911,11,Q3,S2,T4,,,,,2019,Nov,Nov,Novembre,2019,11,3,2,4
2019,S2,T4,Q3,12,2019,201912,12,Q3,S2,T4,,,,,2019,Déc,Déc,Décembre,2019,12,3,2,4
